{
    "best_model": "Random Forest",
    "best_metrics": {
        "accuracy": 0.8360655737704918,
        "precision": 0.7804878048780488,
        "recall": 0.9696969696969697,
        "f1": 0.8648648648648649,
        "confusion_matrix": [
            [
                19,
                9
            ],
            [
                1,
                32
            ]
        ]
    },
    "all_models": {
        "Logistic Regression": {
            "accuracy": 0.8032786885245902,
            "precision": 0.7692307692307693,
            "recall": 0.9090909090909091,
            "f1": 0.8333333333333334,
            "confusion_matrix": [
                [
                    19,
                    9
                ],
                [
                    3,
                    30
                ]
            ]
        },
        "Decision Tree": {
            "accuracy": 0.7704918032786885,
            "precision": 0.7435897435897436,
            "recall": 0.8787878787878788,
            "f1": 0.8055555555555556,
            "confusion_matrix": [
                [
                    18,
                    10
                ],
                [
                    4,
                    29
                ]
            ]
        },
        "Random Forest": {
            "accuracy": 0.8360655737704918,
            "precision": 0.7804878048780488,
            "recall": 0.9696969696969697,
            "f1": 0.8648648648648649,
            "confusion_matrix": [
                [
                    19,
                    9
                ],
                [
                    1,
                    32
                ]
            ]
        }
    }
}